point ID,X,Y
0,585623.7717170436,7910256.255730867
1,585619.5892939409,7910254.015147064
2,585614.5106373178,7910255.210125096
3,585616.7512211213,7910269.54986145
4,585622.7261112696,7910270.14735046
5,585608.8344916767,7910255.210125096
6,585604.3533240641,7910262.529365525
7,585615.854987599,7910271.043583985
8,585601.5152512453,7910268.205511168
9,585607.340769141,7910273.73228455
10,585615.4068708373,7910275.972868353
11,585650.658722708,7910265.964927364
12,585634.3144010855,7910269.239450287
13,585629.2092433292,7910280.699202117
14,585636.0069828937,7910284.27225595
15,585647.6712776339,7910284.038970057
16,585651.1068394678,7910278.064079914
17,585649.7624891838,7910257.151964389
18,585641.8336918335,7910257.028076932
19,585635.7214973373,7910249.68335171
20,585634.9746360695,7910254.762008332
21,585628.8503736695,7910253.716402564
22,585616.0043598525,7910282.993364282
23,585625.9457890624,7910281.266181242
24,585603.4570905445,7910282.097130753
25,585595.9884778596,7910278.661568917
26,585636.468358608,7910292.10507175
27,585643.6382267829,7910300.918034721
28,585651.8537007347,7910295.839378096
29,585627.8047678927,7910287.922648646
30,585630.1947239516,7910290.312604707
31,585616.3031043597,7910293.300049782
32,585625.8629285963,7910295.540633585
33,585601.5152512453,7910287.773276396
34,585600.6190177239,7910295.690005843
35,585607.0420246329,7910297.930589646
36,585593.4491495481, 7910285.8314371
37,585590.7604489811,7910294.943144571
38,585643.7875990374,7910305.399202328
39,585641.4433333147,7910309.883884579
40,585648.8662556615,7910315.855260085
41,585659.3223134186,7910311.374092478
42,585658.1273353882,7910305.697946839
43,585634.2277748017,7910300.469917964
44,585634.8252638159,7910309.880369939
45,585648.4181389026,7910323.921361785
46,585654.9905180633,7910326.012573339
47,585663.8034810293,7910320.635172203
48,585637.6633366356,7910316.751493614
49,585637.6633366356,7910321.830150235
50,585645.9753195019,7910323.446369126
51,585605.5483020954,7910308.984136418
52,585593.1504050419,7910311.374092478
53,585601.6646234998,7910314.361537553
54,585611.5231922427,7910320.635172203
55,585627.6553956401,7910321.531405725
56,585631.2403297294,7910327.058179114
57,585599.4240396935,7910317.498354875
58,585598.883384686,7910323.926142223
59,585598.0796894105,7910333.481186021
60,585606.7547702985,7910335.216202203
61,585618.2449436588,7910337.514236871
62,585623.9210892972,7910329.298762918
63,585585.8311646096,7910314.80965431
64,585591.0591934882,7910324.96696756
65,585578.9600409409,7910316.004632339
66,585586.2792813713,7910328.551901646
67,585566.5621438846,7910307.191669371
68,585566.412771632,7910302.11301275
69,585554.3136190828,7910304.801713314
70,585549.6830792204,7910310.925975718
71,585561.4834872605,7910329.746879678
72,585543.4094445659,7910308.237275146
73,585541.4771343609,7910319.370253831
74,585540.5000000009,      7910324.75
75,585544.7537948489,7910334.377419543
76,585550.4299404873, 7910336.7673756
77,585518.655411155,7910311.033587277
78,585514.4729880504,7910314.91726587
79,585519.360511723,7910335.423025317
80,585532.9533868069,7910331.389974467
81,585652.8993065096,7910339.605448421
82,585662.3097584937,7910343.489127021
83,585664.6997145526,7910330.792485453
84,585640.0532926945,7910333.630558282
85,585651.5549562275,7910346.327199839
86,585635.7214973364, 7910338.7092149
87,585640.3520372016,7910341.995404478
88,585643.4888545312,7910350.061506178
89,585632.5846800115,7910338.559842646
90,585632.5846800115,7910352.600834489
91,585638.1114533972,7910354.393301535
92,585614.2118928088,7910344.534732793
93,585614.8093818249,7910349.912133932
94,585605.697674348,7910355.289535057
95,585613.7637760462,7910355.887024071
96,585596.1378501141,7910356.633885339
97,585566.412771632,7910340.651054196
98,585559.8403924713,7910357.231374353
99,585571.6408005105,7910363.50500901
100,585591.5169988992,7910364.480527949
101,585595.9884778596,7910364.699987039
102,585546.2475173846,7910344.385360539
103,585539.2270214614,7910350.808367446
104,585547.442495415,7910361.264425203
105,585526.7649953682,7910341.157324683
106,585520.4061174979,7910356.783257596
107,585525.4847741248,7910369.928015918
108,585533.2521313159,7910366.193709578
109, 585548.48810119,7910375.902906064
110,585535.3433428658,7910389.645153403
111,585544.6044225944,7910384.566496778
112,585705.2730107512,7910350.413750168
113,585711.9220009688,7910338.912794117
114,585699.1631278498,7910331.365291703
115,585693.772054703,7910337.834579483
116,585696.1081863996,7910352.390476987
117,585685.6854449781,7910343.585057512
118,585683.1696108431,7910354.726608686
119,585686.7636596076,7910328.669755131
120,585683.3493132805,7910332.443506334
121,585684.9666352263,7910339.092496552
122,585672.5881795567,7910344.885770492
123,585676.417409895,7910353.841061093
124,585658.954874971,7910357.333568078
125,585665.7811386222,7910360.826075066
126,585645.9373489348,7910363.207329825
127,585633.8723248038,7910362.889829189
128,585652.2873616358,7910372.25609792
129,585660.2248775102,7910371.303596016
130,585622.9185528979,7910360.667324748
131,585606.9715456767,7910368.171559356
132,585610.8535287669,7910369.398592215
133,585698.7500000019,       7910361.5
134,585708.0087230774,7910362.096077602
135,585708.6437243484,7910355.111063633
136,585692.1336913286,7910364.001081411
137,585678.0049130693,7910358.921071254
138,585674.6711564017,7910368.446090303
139,585684.0374251353,7910371.938597288
140,585670.067397194,7910375.748604909
141,585742.1400413401,7910367.176087763
142,585734.8375267358,7910356.698566809
143,585721.2499999981,7910362.750000004
144,585720.8674987946,7910369.557342529
145,585726.5825102255,7910368.287339985
146,585737.5362821333,7910375.113603637
147,585720.0737472065,7910350.507304423
148,585709.2787256166,7910372.891099192
149,585685.6249283087,7910377.971109357
150,585698.8012046637,7910378.129859675
151,585664.8286367171, 7910382.8923692
152,585665.9398889402,7910386.067375544
153,585681.973671007,7910388.289879989
154,585647.6836024262,7910378.606110625
155,585631.8085706774,7910374.319852054
156,585621.0135490876,7910370.50984443
157,585569.6989612114,7910373.512950003
158,585576.7222105041,7910380.352364115
159,585578.3097136803,7910374.161101736
160,585602.5985122584,7910379.241111893
161,585574.6584563758,7910394.481142372
162,585578.9447149485,7910404.006161422
163,585595.7722486043,7910402.259907931
164,585600.217257496,7910389.718632847
165,585537.5637988532,7910417.129521005
166,585536.4689873746,7910403.578159779
167,585518.7783446163,7910395.433644287
168,585521.6887671044,7910418.452440321
169,585796.5914002424,7910357.068984222
170,585790.2413875433,7910377.971109357
171,585798.9726550048,7910394.904476557
172,585810.6143449545,7910395.962812003
173,585819.3456124179,7910383.262786608
174,585821.1976994546,7910362.889829192
175,585779.6580330431,7910357.862735808
176,585780.187200767,7910374.796103004
177,585769.074678544,7910354.423145596
178,585766.6934237806,7910362.889829192
179,585770.9267655797,7910375.854438454
180,585760.0788272172,7910363.154413056
181,585753.1996467924,7910357.862735808
182,585750.2892243043,7910362.625245333
183,585759.5496594934,7910378.235693216
184,585767.2225915045,7910379.558612529
185,585723.0370864682,7910388.289879993
186,585733.0912732417,7910393.846141104
187,585710.8662287919,7910385.90862523
188,585702.9287129175,7910387.760712266
189,585697.637035667,7910394.63989269
190,585796.0622325186,7910400.989905395
191,585806.3810031554,7910405.223247193
192,585811.1435126811,7910400.460737668
193,585760.8725788034,7910400.725321528
194,585775.8749569338,7910406.601252966
195,585792.6226423066,7910413.160763066
196,585808.7622579178,7910412.631595343
197,585791.2997229937,7910418.187856454
198,585807.7039224682,7910428.242043227
199,585817.1547952825,7910424.077251818
200,585820.7082479503,7910422.511323523
201,585819.0810285555,7910407.869085819
202,585828.0768798795,7910422.685782116
203,585836.3058136813,7910414.992456216
204,585828.0768798795,7910404.16491174
205,585773.8371880669,7910413.42534693
206,585777.0121944183,7910420.304527353
207,585759.2850756301,7910414.219098516
208,585741.822540706,7910395.962812003
209,585739.7058698041,7910404.429495603
210,585747.9079695437,7910408.662837405
211,585752.4058952052,7910408.662837405
212,585721.9787510186,7910400.460737668
213,585731.2391862059,7910407.339918092
214,585695.5203647669,7910404.958663333
215,585706.8974708542,7910406.546166502
216,585713.7766512791,7910410.514924441
217,585661.9182142308,7910399.137818355
218,585668.8400950059,7910402.718101516
219,585677.2640782529,7910407.075334229
220,585644.455679304,7910390.671134759
221,585648.6890211049,7910391.200302478
222,585652.6577790435,7910397.814899042
223,585623.3849292211,7910401.680333979
224,585634.4564587269,7910401.494282946
225,585646.5723502049,7910401.254489254
226,585575.6638750546,7910425.067036886
227,585592.5972422557,7910427.977459367
228,585863.8930460345,7910439.883502509
229,585872.0951457713,7910423.214719169
230,585859.6597042354,7910420.03971282
231,585853.5742753968,7910427.977228694
232,585855.9555301592,7910436.97308002
233,585838.7575790975,7910427.977228694
234,585836.1117404727,7910441.471005682
235,585842.9909208966,7910449.143937696
236,585849.2084003445,7910443.30712026
237,585828.1742245974,7910432.739738218
238,585830.8200632213,7910443.323092721
239,585826.3221375588,7910429.56473187
240,585815.7387830587,7910443.058508858
241,585800.6575028971,7910438.825167056
242,585805.9491801476,7910440.941837959
243,585782.401216385,7910429.035564143
244,585780.8137132097,7910434.591825258
245,585795.3658256484,7910442.529341135
246,585758.8532526232,7910421.362632133
247,585768.1136878096,7910426.125141658
248,585746.9469788102,7910418.981377374
249,585754.355326958,  7910421.627216
250,585735.8344565835,7910416.600122608
251,585728.9552761596,7910413.689700123
252,585724.986518221,7910416.864706475
253,585762.5574266985,7910442.793924995
254,585771.8178618858,7910447.821018383
255,585756.2074139975,7910439.618918642
256,585743.5073885974,7910435.120992985
257,585728.6906922963,7910434.591825258
258,585715.990666897,7910425.860557798
259,585689.267696782,7910419.245961234
260,585690.061448371,7910423.479303032
261,585709.1114864722,7910429.829315737
262,585673.9218327599,7910418.187625781
263,585665.1905652964,7910408.662606731
264,585667.0426523322,7910419.245961234
265,585660.9572234973,7910407.604271285
266,585649.3155335467,7910412.102196947
267,585641.3780176705,7910415.541787162
268,585635.8217565585,7910426.389725525
269,585636.880092008,7910439.618918646
270,585643.7592724329,7910438.82516706
271,585650.6384528577,7910425.066806212
272,585617.0363023207,7910424.27305463
273,585619.417557084,7910448.35018611
274,585632.6467502089,7910447.027266797
275,585596.6633449076,7910450.466857009
276,585567.9094874747,7910424.62392902
277,585569.9403747953,7910452.914257742
278,585582.9049840588,7910462.637714691
279,585550.0565575976,7910436.981596678
280,585554.6516943946, 7910423.1333762
281,585528.1030515386, 7910432.9712491
282,585525.7879427401,7910444.546793085
283,585545.3135961443,7910451.275311712
284,585517.8504268657,7910421.395705115
285,585514.2123987563,7910442.562414117
286,585536.3712972403,7910467.697881054
287,585523.3736149939,7910456.419993915
288,585518.5118865222,7910472.989558302
289,585531.0796199916,7910474.312477618
290,585511.2358303042,7910455.791607238
291,585541.8944853712,7910461.579379231
292,585507.5978021948,7910442.562414117
293,585511.2027573204,7910419.642837029
294,585553.0070075952,7910393.184450775
295,585561.2091073319,7910400.857382793
296,585557.1430046773, 7910424.0748474
297,585557.2403493961,7910469.318457212
298,585866.5911112363,7910461.564654168
299,585871.353620762,7910445.425038554
300,585848.3348247251,7910458.654231679
301,585832.4597929735,7910454.68547374
302,585832.301586803,7910457.585920189
303,585831.8363552587,7910466.115165222
304,585831.6660413872,7910469.237586185
305,585841.8349891156,7910469.100396056
306,585813.4097548733,7910451.775051259
307,585814.2035064623,7910460.770902582
308,585815.7910096385,7910468.443834599
309,585807.3243260374,7910448.335461047
310,585804.149319686,7910459.977150992
311,585788.0097040739,7910455.743809197
312,585847.3976941966,7910479.241275169
313,585860.5056823986,7910476.381350469
314,585862.7671723636,7910470.875114039
315,585831.1585085383,7910479.557420831
316,585830.8722898001,7910485.377201796
317,585814.9972580494,7910480.085524544
318,585798.8576424373,7910472.677176394
319,585801.2388971997,7910479.820940688
320,585808.4417627528,7910479.95945733
321,585783.7763622748,7910468.973002318
322,585782.7180268234,7910477.175102059
323,585764.7263241746,7910461.829238035
324,585762.0804855488,7910467.385499142
325,585777.2900546845,7910477.375245206
326,585753.8783858111,7910458.125063956
327,585740.9137765486,7910452.568802845
328,585717.6303966492,7910456.802144643
329,585728.2137511494,7910465.797995973
330,585700.9616133114,7910449.393796492
331,585685.8803331489,7910441.720864482
332,585694.3470167499,7910449.393796492
333,  585661.5386178,7910430.343758393
334,585663.9198725605,7910448.600044906
335,585667.5634035431,7910449.510927655
336,585679.7949043112,7910452.568802845
337,585654.9142737379,7910427.136802625
338,585650.4260955742,7910440.927112896
339, 585633.64281171,7910452.852963686
340,585644.2753537204,7910445.29770153
341,585619.9989513867,7910455.47922533
342,585623.7031254591,7910462.093821894
343,585634.5510638226,7910458.654231682
344,585600.7727253772,7910460.75970915
345,585607.8280937104,7910464.739660516
346,585614.2615579348,7910470.951281145
347,585619.8231720533,7910466.849893812
348,585601.7426648727,7910484.318866342
349,585607.8280937104,7910474.793847293
350,585562.3196693612,7910474.000095706
351,585575.0196947604,7910471.883424811
352,585558.615495286,7910493.050133806
353,585570.7863529613,7910507.073078521
354,585590.3655587863,7910502.839736722
355,585855.6397436485,7910486.523419809
356,585857.2628068849,7910493.753428768
357,585877.7724241456,7910495.819145616
358,585880.1332433969,7910472.506055493
359,585870.394863978,7910469.407480221
360,585850.2786031179,7910484.457702961
361,585843.5254010409,7910503.934461802
362,585854.705139216,7910501.721193753
363,585813.7352019046,7910490.654853497
364,585819.1945964266,7910495.671594411
365,585809.751319414,7910486.966073412
366,585795.8815063033,7910494.638735995
367,585810.4890754316,7910504.229564201
368,585817.8065655474,7910497.166262422
369,585778.6180155147,7910489.32689267
370,585758.182002875,7910476.145703554
371,585756.1902326113,7910480.621371679
372,585773.0110697886,7910494.933838394
373,585750.4357356802,7910471.768299472
374,585744.5336875468,7910480.768922877
375,585746.5994043937,7910485.34301018
376,585749.5504284604,7910489.179341465
377,585737.847606536,7910474.635514777
378,585731.6967328591,7910479.44096205
379,585737.7463321947,7910491.687711921
380,585715.7612029016,7910477.522796404
381,585719.3024317808,7910484.01504935
382,585686.1034110337,7910454.20970628
383,585683.8901429828,7910463.062778477
384,585686.250962236,7910472.506055493
385,585694.2187272161,7910472.210953083
386,585698.9403657215,7910476.637489185
387,585666.0151646314,7910457.397220027
388,585667.708501352,7910463.323898539
389,585647.811794891,7910454.433880769
390,585651.4101354219,7910459.513890926
391,585642.5201176424,7910468.403908707
392,585650.7751341537,7910468.192241609
393,585629.3173829019,7910479.754556406
394,585631.5398873491,7910489.120825134
395,585643.9224121124,7910487.533321965
396,585858.8929250604,7910510.589325827
397,585858.0984814502,7910519.195798285
398,585863.6955927759,7910520.729253452
399,585867.7642120561,7910521.843943663
400,585880.7401243793,7910514.296729345
401,585877.6947572017,7910507.543958645
402,585851.7429325571,7910516.150431104
403,585842.2096092179,7910511.118954904
404,585844.0633109799, 7910515.7532093
405,585826.3207369884,7910506.087478694
406,585828.7040678216,7910516.944874719
407,585807.1216830425,7910512.97265666
408,585822.745740735,7910517.077281985
409,585790.7031817362,7910502.909704246
410,585795.2050288673,7910514.693951152
411,585805.2679812796,7910516.944874719
412,585785.936520067,7910502.644889712
413,585788.8494799761,7910518.004132871
414,585778.6541202944,7910501.982853368
415,585769.6504260283,7910510.456918564
416,585777.1976403408,7910523.697645418
417,585783.052490944,7910520.836752519
418,585761.8383971816,7910504.366184201
419,585753.2319247229,7910496.156933546
420,585744.3606377263,7910506.881922305
421,585750.6928279381,7910509.502138942
422,585759.7198808854,7910513.237471197
423,585733.3708344363,7910503.174518786
424,585741.0738750855,7910505.773134913
425,585717.6143694716,7910497.083784427
426,585688.4847703818,7910481.85694854
427,585689.8088430688,7910494.700453594
428,585702.3311851248,7910495.773797199
429,585665.8327284558,7910468.204624258
430,585658.2959131431,7910487.815275632
431,585670.5786882667,7910490.498907171
432,585646.4543768624,7910487.582989529
433,585649.896897356,7910487.650518745
434,585827.2555461442,7910532.472049043
435,585840.023389901,7910534.340513982
436,585846.5630171895,7910522.039786458
437,585813.5534699159,7910525.932421755
438,585814.6434077984,7910537.298916806
439,585800.4005301008,7910534.227612402
440,585799.2285720427,7910538.388854694
441,585841.6009064913,7910531.373280402
442,585849.6771254241,7910538.544560097
443,585858.7080393014,7910532.160638221
444,585819.9373917943,7910549.911055155
445,585827.4112515552,7910546.32983068
446,585831.7710030815,7910548.509706445
447,585837.3763979012,7910548.821117267
448,585838.0276325643,7910545.25848059
449,585845.7844901318,7910544.461365748
450,585847.853741874,7910541.316103093
451,585820.560213442,7910558.319147378
452,585823.2072054408,7910564.547363855
453,585826.6867692778,7910562.928962074
454,585836.2864600196, 7910558.4748528
455,585796.5815800456,7910540.724435862
456,585774.0042953528,7910533.406281512
457,585776.9626981737,7910543.682838682
458,585783.1909146411,7910540.724435862
459,585765.1290868856,7910541.191552095
460,585774.3157061767,7910548.354001034
461,585758.1019832538,7910519.737220462
462,585755.3196459524,7910530.914994925
463,585741.3061589003,7910510.050469764
464,585745.5102050165,7910516.590097051
465,585747.2229645438,7910524.063956816
466,585753.7072895681,7910529.550693378
467,585729.1611367892,7910520.327026933
468,585717.0312178172,7910513.013985343
469,585716.8604092663,7910517.680034935
470,585724.8013852639,7910521.728375636
471,585733.9880045522,7910529.202235397
472,585737.4135236079,7910537.921738453
473,585745.6659104275,7910538.700265516
474,585795.8030529851,7910556.606387857
475,585806.5467263917,7910556.762093265
476,585814.0205861507,7910560.966139376
477,585757.6552271256,7910547.419768564
478,585739.9048101967,7910543.060017034
479,585744.1088563101,7910544.928481977
480,585746.1330266614,7910553.64798503
481,585703.6565903584,7910506.313539881
482,585705.8979644394,7910507.43642759
483,585689.3316924842,7910508.493415646
484,585685.2833517818, 7910519.8599107
485,585693.2243277766,7910522.81831352
486,585702.4109470649,7910534.96333563
487,585706.8270117715,7910534.04057584
488,585712.8432096466,7910532.783459865
489,585683.4148868406,7910533.717692338
490,585694.3142656563,7910539.634497978
491,585669.6276472956,7910501.835350871
492,585668.3114619087,7910517.524329521
493,585675.9197921874,7910518.57134746
494,585667.7485269606,7910520.339004271
495,585666.4429969676,7910526.866654228
496,585673.6054459047,7910527.800886691
497,585677.8094920209,7910534.651924804
498,585664.2631212054,7910535.586157277
499,585669.9102736963,7910539.952499934
500,585658.3463155618,7910516.122980818
501,585651.9623936834,7910531.849227395
502,585657.5055063386,7910499.773912594
503,585650.6544682253,7910509.739058938
504,585648.0074762264,7910496.971215181
505,585644.8933679927,7910505.06789659
506,585626.6307774913,7910496.12380005
507,585625.8973077685,7910502.888020825
508,585631.2234811224,7910510.809249077
509,585651.7444061078,7910540.724435862
510,585650.9658790473,7910549.132528093
511,585659.5296766898,7910552.402341742
512,585661.2424362199,7910543.682838682
513,585623.980754273,7910519.283797942
514,585621.2261454193,7910522.506902695
515,585621.6932616541,7910526.399537988
516,585627.1429510629,7910530.292173278
517,585632.9040512936,7910527.956592105
518,     585634.3054,7910530.603584103
519,585641.467848937,7910530.447878692
520,585642.8691976406,7910526.088127166
521,585672.724646573,7910547.347126715
522,585680.0827910313,7910549.599644329
523,585690.8887466015,7910556.762093265
524,585691.9523343379,7910551.444154594
525,585668.4048851561,7910556.606387857
526,585679.6156747965,7910553.336574204
527,585647.3846545806,7910557.073504087
528,585655.7927468102,7910560.810433969
529,585642.8691976406,7910535.897568099
530,585651.8705333527,7910535.589255139
531,585640.5336164655,7910541.502962917
532,585631.9698188249,7910538.700265512
533,585636.1738649411,7910541.814373743
534,585624.9630752988,7910537.766033042
535,585617.9563317727,7910536.98750598
536,585614.375107307,7910519.704205286
537,585612.039526131,7910526.555243403
538,585606.5898367222,7910528.735119164
539,585608.7697124844,7910536.05327351
540,585645.6718950532,7910547.731179386
541,     585634.3054,7910545.707009032
542,585642.5577868195,7910549.443938915
543,585621.2500000009,      7910544.25
544,585633.2295497805,7910545.586941976
545,585618.2677425966,7910542.904311627
546,585608.1468908386,7910543.994249508
547,585614.6910952851,7910545.457071677
548,585621.3818508303,7910546.952652328
549,585641.9349651719,7910555.205039147
550,585630.8798809424,7910551.779520098
551,585614.0636964832,7910551.15669845
552,585626.2087185914,7910556.917798679
553,585729.908522767,7910542.43719539
554,585733.0226309989,7910550.845287625
555,585730.9984606495,7910556.762093265
556,585737.693793349,7910561.744666439
557,585727.2615307681,7910534.02910316
558,585722.4346630061,7910533.873397745
559,585721.9675467713,7910529.669351634
560,585726.9501199443,7910528.268002927
561,585719.6319655962,7910538.077443864
562,585708.2654705439,7910544.461365748
563,585714.4936870113,7910546.796946917
564,585705.307067723,7910553.025163382
565,585725.8571353871,7910553.65789688
566,585723.3688954758,7910562.056077264
567,585713.7151599526,7910560.810433969
568,585718.2306168899,7910565.325890906
569,585706.2413001917,7910561.588961024
570,585667.1592418607,7910565.170185491
571,585678.9928531488,7910576.69238596
572,585685.8438912611,7910574.045393959
573,585697.8332079621,7910578.405145485
574,585704.6842460753,7910571.865518201
575,585719.3205547724,7910576.848091368
576,585723.8360117106,7910569.997053258
577,585730.3621793455,7910561.904049352
578,585656.5901833624,7910571.841639616
579,585664.0451336298,7910574.356804781
580,585667.7820635084,7910578.093734663
581,585641.7792597581,7910559.876201496
582,585636.640981175,7910565.481596321
583,585642.2463759957,7910572.799750663
584,585644.8933679927,7910579.339377955
585,585651.588700694,7910579.806494191
586,585652.6786385765,7910573.578277726
587,585626.5201294152,7910565.793007139
588,585632.5926404698,7910562.834604319
589,585633.5268729413,7910565.637301728
590,585633.3711675284,7910572.176929023
591,585626.831540239,7910570.931285728
592,585622.9389049476,7910583.232013248
593,585628.2328889435,7910583.54342407
594,585630.5684701186,7910589.92734595
595,585621.8489670651,7910592.262927122
596,585629.9456484737,7910594.754213713
597,585618.8905642442,7910578.249440074
598,585608.9254178973,7910579.495083369
599,585610.1710611908,7910585.100478187
600,585615.9321614215,7910591.640105478
601,585612.5066423658,7910594.442802887
602,585617.1395165017,7910597.914267808
603,585612.5066423658,7910603.473716773
604,585614.0636964832,7910608.92340618
605,585619.2019750662,7910610.636165701
606,585620.415991364,7910611.617710792
607,585626.5201294152,7910616.552971344
608,585632.5926404698,7910611.258987349
609,585629.167121415,7910604.875065472
610,585614.0636964832,7910619.978490401
611,585622.7831995338,7910625.116768986
612,585630.7241755314,7910626.829528522
613,585638.3537407033,7910620.601312049
614,585645.2047788166,7910623.715420283
615,585651.7444061078,7910620.289901227
616,585650.1873519905,7910612.037514407
617,585651.9001115179,7910607.522057466
618,585647.8517708154,7910603.162305947
619,585644.1148409341,7910598.802554417
620,585653.6128710462,7910594.131392065
621,585656.8826846909,7910583.54342407
622,585663.4223119821,7910585.723299835
623,585703.2828973709,7910581.986369953
624,585704.8399514863,7910591.484400067
625,585715.7393303039,7910589.460229717
626,585716.0507411277,7910581.830664545
627,585693.006340201,7910589.304524302
628,585698.7674404318,7910593.664275832
629,585680.2384964442,7910591.32869466
630,585691.6049914947,7910593.35286501
631,585668.5076728929,7910589.92928534
632,585661.8652578648,7910599.113965239
633,585672.4582128664,7910591.998615801
634,585604.565666371,7910611.726103581
635,585669.9619392715,7910608.45628994
636,585655.8140875213,7910620.541264981
637,585662.4920734158,7910620.953730579
638,585673.9978881525,7910621.664386883
639,585675.4375412753,7910616.015550427
640,585677.4275039602,7910608.207437783
641,585688.6465886738,7910607.833468292
642,585690.0298346076,7910601.062843464
643,585845.1918328535,7910568.793570116
644,585860.8889714358,7910563.085519724
645,585864.5754206469,7910554.64236185
646,585832.9433080517,7910580.328588616
647,585849.1161174988,7910575.809715394
648,585817.1272517554,7910578.663740586
649,585820.1001946693,7910585.442050431
650,585806.9003281333,7910577.355645705
651,585793.5815438833,7910564.274696887
652,585799.0517588435,7910575.690797672
653,585774.7925446741,7910557.377469335
654,585783.9492088454,7910563.799026024
655,585744.587444677,7910573.550278775
656,585758.9764883779,7910572.361101612
657,585764.8391318005,7910581.993436649
658,585764.1256255032,7910590.555512238
659,585772.8066188078,7910593.052784286
660,585776.9687388856,7910590.079841372
661,585782.5578715624,7910589.48525279
662,585783.9848841606,7910573.907031927
663,585795.1631495142,7910581.755601216
664,585794.2118077809,7910592.220360272
665,585804.2357874159,7910591.512144327
666,585816.0926676206,7910590.674429957
667,585820.8493762827,7910589.48525279
668,585724.7519695619,7910582.718834721
669,585735.3356463322,7910585.572859921
670,585742.4826010959,7910583.182613812
671,585725.7033112934,7910592.232252046
672,585699.9219503542,7910600.853786491
673,585692.0733810617,7910609.772615235
674,585701.111127519,7910609.534779798
675,585714.786664919,7910603.826729402
676,585722.7541519227,7910608.940191213
677,585730.6027212152,7910602.161881372
678,585714.786664919,7910620.237374283
679,585718.1163609801,7910623.567070346
680,585720.9703861764,7910626.421095543
681,585731.9108160967,7910618.929279409
682,585735.4783475911,7910612.864475861
683,585735.7049643723,7910606.065972451
684,585735.8351007421,7910602.161881372
685, 585745.11068263,7910610.961792398
686,585753.7916759364,7910606.205083743
687,585750.6998153068,7910598.475432161
688,585743.2905415948,7910597.810497347
689,585741.424233418,7910597.643008143
690,585747.0612202259,   7910587.05683
691,585753.4230310144,7910586.631227598
692,585755.0947550796,7910589.278124038
693,585756.2770562107,7910591.150100823
694,585691.5977101969,7910615.837418772
695,585695.1652416922,7910620.118456572
696,585702.4192223977,7910617.859019954
697,585710.0937409392,7910619.334888905
698,585736.6675247569,7910622.021140035
699,585743.8791143615,7910618.262987703
700,585735.2405121606,7910627.848108143
701,585744.9647706933,7910632.952139985
702,585696.9490074385,7910627.491354991
703,585705.5110830283,7910629.156203024
704,585723.9433290903,7910636.529101446
705,585729.0567909004,7910638.312867198
706,585737.6029141136,7910643.214133393
707,585719.5433735782,7910642.118234124
708,585726.6784365699,7910645.566847906
709,585709.673203107,7910633.080487672
710,585697.0679251552,7910636.05343058
711,585691.3598747635,7910639.026373494
712,585692.5490519283,7910643.664164443
713,585705.1543298801,7910645.091177035
714,585691.2409570469,7910623.567070346
715,585678.2789259451,7910623.923823498
716,585678.9856280088,7910633.640976857
717,585679.2302676784,7910637.004772313
718,585713.9542409014,7910647.588449083
719,585665.0790594118,7910633.318323106
720,585656.516983822,7910632.842652239
721,585645.4576361878,7910633.080487672
722,585688.9477551626,7910653.345297512
723,585705.9867538949,7910659.123467587
724,585708.4840259422,7910651.512733731
725,585668.1709200423,7910643.94956696
726,585674.2107809791,7910641.608779814
727,585658.5385850035,7910644.663073257
728,585658.8953381535,7910652.392724834
729,585664.246635397,7910652.154889401
730,585665.9114834294,7910657.387268927
731,585678.0410905136,7910658.219692942
732,585682.3822419075,7910656.279550001
733,585719.3055381449,7910657.387268927
734,585724.0535539808,7910653.877564192
735,585737.6188664902,7910659.884540979
736,585740.5663451226,7910651.487870846
737,585735.1215944439,7910649.847885702
738,585757.8348782985,7910655.674853805
739,585760.0943149114,7910637.242607746
740,585750.2241444401,7910620.475209717
741,585760.180274969,7910619.023700025
742,585760.105626598,7910614.678522117
743,585765.9889208358,7910604.496542867
744,585771.3677144386,7910601.103513695
745,585772.2080505174,7910596.401798613
746,585762.2110502655,7910599.676501095
747,585769.1082778238,7910608.476412129
748,585782.6453660363,7910597.719454858
749,585779.7551517878,7910610.10570085
750,585783.9884935869,7910613.069040112
751,585792.1486838013,7910599.385649785
752,585792.5350679783,7910633.211297154
753,585781.3568026274,7910643.913891643
754,585787.0648530181,7910650.454366058
755,585796.8161057737,7910650.216530621
756,585803.1187447486,7910639.632853851
757,585778.5027774302,7910664.367738891
758,585780.4226991041,7910665.367698096
759,585789.9188782154,7910670.313624714
760,585795.0323400246,7910666.865010932
761, 585799.31337782,7910654.735403851
762,585811.2051494718,7910654.854321562
763,585815.2093893634,7910645.300646245
764,585813.9393868223,7910641.331888307
765,585790.9205907853,7910678.003211647
766,585799.3343576118,  7910681.178218
767,585803.1443652324,7910679.908215463
768,585805.2172264708,7910671.128839049
769,585809.0181269804,7910681.336968318
770,585811.3993817437,7910673.716953076
771,585778.3793157013,7910674.828205302
772,585782.9830749091,7910677.368210379
773, 585768.16286093,7910660.018786665
774,585762.8217845866,  7910671.176948
775,585768.5367960175,7910675.304456256
776,585816.3206415847,7910668.160691962
777,585816.6470207656,7910631.960593767
778,585806.9543728521,7910626.08656615
779,585800.6333644744,7910629.013501767
780,585793.1296565617,7910629.524847947
781,585805.4574159421,7910607.04856978
782,585820.8244486786,7910607.264622863
783,585820.2101210458,7910632.943517983
784,585820.4922091179,7910621.152236558
785,585836.6741016489,7910607.387488391
786,585837.9027569173,7910598.909767039
787,585835.1920135785,7910594.23806043
788,585832.128077154,7910588.957659356
789,585828.4421113487,7910632.206324823
790,585839.9914708752,7910629.99474534
791,585846.2576127462,7910618.199654762
792,585836.6741016489,7910613.776495788
793,585827.5820526592,7910622.131351616
794, 585849.04305078,7910587.56315577
795,585850.9480545903,7910578.990638621
796,585860.6318239588,7910580.419391479
797,585866.981836657,7910574.70438005
798,       585868.25,7910587.000000007
799,585875.7151046395,7910587.363298506
800,585884.9316975754,7910587.811835337
801,585892.3818874583,7910588.174407993
802,585892.5406377744,7910581.68939402
803,585878.729360152,7910565.973112591
804,585863.6480799895,7910598.199427038
805,585871.1093449118,7910602.009434663
806,585876.1893550735,7910593.119416881
807,585883.4918696769,7910594.389419422
808,585881.0298179742,7910606.277545173
809,585890.635633965,7910607.883196414
810,585892.5406377744,7910603.914438479
811,585892.2231371403,7910596.453173548
812,585879.5231117411,7910613.598207843
813,585873.1730990401,7910627.409485463
814,585881.1106149144,7910631.695744034
815,585892.0643868223,7910618.995718636
816,585867.6168379281,7910612.80445626
817,585863.4893296715,7910620.106970858
818,585853.3293093527,7910601.374433391
819,585854.5993118919,7910624.075728793
820,585883.6506199948,7910635.34700134
821,585896.6681460291,7910631.854494352
822,585902.065656825,7910622.805726256
823,585900.1606530147,7910618.360717364
824,585886.6668760283,7910644.078268804
825,585892.8581384113,7910645.82452229
826,585902.8594084112,7910638.363257371
827,585848.4080495089,7910634.076998796
828,585853.6468099868,7910633.918248478
829,585902.383157461,7910652.492035631
830,585908.415669526,7910647.094524831
831,585896.509395713,7910658.68329801
832,585895.3981434898,7910668.525817692
833,585904.1294109533,7910671.065822776
834,585911.7494261907,7910666.779564206
835,585886.1906250762,7910648.20577706
836,585885.2381231682,7910658.68329801
837,585888.2543792017,7910668.525817692
838,585886.6668760283,7910683.60709786
839,585901.4306555567,7910687.258355159
840,585904.9231625395,7910675.352081351
841,585876.6656060256,7910682.019594681
842,585867.299337294,7910684.718350079
843,585866.3785854504,7910699.069378782
844,585880.6661140257,7910701.609383859
845,585884.2856212659,7910697.735876117
846,585877.3006072966,7910663.445807535
847,585872.8555984059,7910668.68456801
848,585875.7131041205,7910657.889546424
849,585861.7430761792,7910660.588301819
850,585857.7743182415,7910672.970826585
851,585852.3768074475,7910685.512101665
852,585856.2185651315,7910700.021880686
853,585849.5193017321,7910675.987082615
854,585826.2313488824,7910671.725158315
855,585828.3417339744,7910654.027591929
856,585821.4204955343,7910651.857034355
857,585836.0823103115,7910673.527981095
858,585825.3892534729,7910682.654595952
859,585832.2903065411,7910686.184945572
860,585837.5843937462,7910688.893224802
861,585837.771778238,7910654.87329039
862,585822.6904980754,7910634.553249758
863,585817.1342369616,7910636.617003877
864,585846.5030456996,7910655.508291658
865,585856.2838349342,7910641.237307925
866,585865.7118341178,7910643.919518489
867,585880.7931142803,7910645.82452229
868,585841.0000000009,      7910701.75
869,585816.1658600252,7910690.338111319
870,585818.7058651047,7910700.021880686
871,585826.325880344,7910699.386879414
872,585834.7976526581,7910700.751173835
873,585854.4723116374,7910713.356907353
874,585865.5848338641,7910712.563155767
875,585879.8723624395,7910712.880656403
876,585839.8672824278,7910709.388149418
877,585849.2530683093,7910714.626909897
878,585833.0410187747,7910727.168184977
879,585838.5972798886,7910732.565695774
880,585847.4872976681,7910732.883196406
881,585850.0273027495,7910727.168184977
882,585831.4593614712,7910714.529301558
883,585818.2137391204,7910707.641895927
884,585822.9762486462,7910715.103160847
885,585816.0547348028,7910721.135672916
886,585819.0709908353,7910730.025690693
887,585826.2147551235,7910731.771944184
888,585813.9909806764,7910738.756958157
889,585824.6272519473,7910747.48822562
890,585831.7710162355,7910744.313219264
891,585830.0247627432,7910734.470699582
892,585806.6884660702,7910744.789470218
893,585812.7209781352,7910758.283247206
894,585822.8809984559,7910758.75949816
895,585826.6910060756,7910753.520737682
896,585797.1634470206,7910748.123226888
897,585797.4809476547,7910755.584491812
898,585808.7522201985,7910760.82325229
899,585809.0697208326,7910716.214413073
900,585800.8147043223,7910726.374433391
901,585798.9097005138,7910740.185711011
902,585789.3846814642,7910737.010704663
903,585782.3996674921,7910748.916978475
904,585783.1934190812,7910754.314489268
905,585792.8771884479,7910762.093254827
906,585796.8459463855,7910691.449363537
907,585805.100962895,7910697.16437497
908,585800.6559540061,7910708.43564751
909,585792.8771884479,7910692.243115127
910,585790.3371833693,7910703.038136721
911,585754.9358625645,7910681.924344487
912,585758.269619232,7910690.179361001
913,585773.0333987605,7910690.338111319
914,585756.9996166928,7910702.403135445
915,585767.6358879646,7910710.658151954
916,585778.4309095563,7910703.831888303
917,585755.4796203012,7910708.21877382
918,585753.3483593911,7910716.373163391
919,585766.2071351064,7910719.548169736
920,585752.7133581201,7910728.755688157
921,585768.4296395537,7910728.596937843
922,585770.8108943161,7910722.088174816
923,585783.1934190812,7910697.16437497
924,585783.1934190812,7910711.928154502
925,585779.8596624136,7910682.241845123
926,585778.3867281163,7910732.594859764
927,585762.8733784389,7910742.249465145
928,585743.0295887524,7910717.643165927
929,585743.8233403414,7910729.708190061
930,585741.7595862132,7910709.705650054
931,585742.5533378012,7910691.608113859
932,585736.0562294414,7910690.728297103
933,585727.3133073216,7910689.544359736
934,585723.185799065,7910709.864400372
935,585736.0445747823,7910719.071918786
936,585736.5656761173,7910680.672699738
937,585709.0570208076,7910676.84433433
938,585721.2412696006,7910681.162270442
939,585741.2833352601,7910681.289343223
940,585693.0232387409,7910690.814362273
941,585694.9282425502,7910701.926884495
942,585699.690752076,7910670.494321629
943,585695.9414133672,7910677.368109271
944,585693.9757406451,7910680.971842587
945,585693.9757406451,7910665.890562423
946,585689.2132311203,7910667.954316553
947,585688.6767555457,7910675.452074938
948,585684.9269725475,7910674.463079568
949,585683.1807190562,7910688.591857836
950,585686.8319763578,7910692.560615763
951,585676.513205721,7910666.208063059
952,585681.2757152459,7910673.193077028
953,585603.9582325183,7910513.688885495
954,585592.2485203249,7910514.411707237
955,585588.2007185789,7910522.218182039
956,585592.826777718,7910531.036607269
957,585873.4172440991,7910538.940298662
958,585840.5880193245,7910418.920115322
